,p1k_00001,p1k_00002,p1k_00106,p1k_00107
ALATA_L2,0.0,0.0,0.0,0.0
ALAabc,0.0,0.0,0.0,0.0
ALAt2r,0.0,0.0,0.0,0.0
ALCD19,0.0,0.0,0.0,0.0
ALDD19xr,0.0,0.0,0.0,0.0
ALDD2x,0.0,0.0,0.0,0.0
ALLTAHr,0.0,0.0,0.0,0.0
ALLTN,0.0,0.0,0.0,0.0
ALLTNt2r,0.0,0.0,0.0,0.0
ABTA,0.0,0.0,0.0,0.0
ABUTD,0.0,0.0,0.0,0.0
ALTRH,0.0,0.0,0.0,0.0
AMALT1,0.0,0.0,0.0,0.0
AMALT2,0.0,0.0,0.0,0.0
AMALT3,0.0,0.0,0.0,0.0
AMALT4,0.0,0.0,0.0,0.0
AMANAPEr,0.0,0.0,0.0,0.0
AMANK,0.0,0.0,0.0,0.0
ABUTt2r,0.0,14.746453018782896,18.410383600255628,16.777697001041393
AMAOTr,0.0,0.0,0.0,0.0
AMMQT8_2,0.0,0.0,0.0,0.0
ACACCT,0.0,0.0,0.0,0.0
ACACT1r,0.0,0.0,0.0,0.0
12PPDt,0.0,0.0,0.0,0.0
AMPMS,0.0,0.0,0.0,0.0
AMPN,0.0,0.0,0.0,0.0
ACACt2,0.0,0.0,0.0,0.0
ANPRT,0.0,0.0,0.0,0.0
ACALD,0.0,0.0,0.0,0.0
ANS,0.0,0.0,0.0,0.0
AOXSr,0.0,0.0,0.0,0.0
ACALDt,0.0,0.0,0.0,0.0
ACBIPGT,0.0,0.0,0.0,0.0
ACCOAC,0.0,0.0,0.0,0.0
ACCOAL,3.1262729147144377,1.927821009100255,3.459048744165398,3.820090301705491
ACGAMT,0.0,0.0,0.0,0.0
2DGLCNRx,0.0,0.0,0.0,0.0
2DGLCNRy,0.0,0.0,0.0,0.0
ACGApts,0.0,0.0,0.0,0.0
ACGK,0.0,0.0,0.0,0.0
ACGS,0.0,0.0,0.0,0.0
ACHBS,0.0,0.0,0.0,0.0
AP4AH,0.0,0.0,0.0,0.0
ACKr,-20.0,-20.0,-20.0,-20.000000000000227
ACLS,0.0,0.0,0.0,0.0
AP5AH,0.0,0.0,0.0,0.0
ACMAMUT,0.0,0.0,0.0,0.0
2DGULRx,0.0,0.0,0.0,0.0
APRAUR,0.0,0.0,0.0,0.0
2DGULRy,0.0,0.0,0.0,0.0
ARAI,0.0,0.0,0.0,0.0
ACMANApts,0.0,0.0,0.0,0.0
ACNAMt2,0.0,0.0,0.0,0.0
3HCINNMH,0.0,0.0,0.0,0.0
ARBabc,0.0,0.0,0.0,0.0
3HPPPNH,0.0,0.0,0.0,0.0
4HTHRS,0.0,0.0,0.0,0.0
ACNML,0.0,0.0,0.0,0.0
ACOATA,0.0,0.0,0.0,0.0
ACODA,0.0,0.0,0.0,0.0
ACONMT,0.0,0.0,0.0,0.0
ARBt2r,0.0,0.0,0.0,0.0
ACONT,0.0,0.0,0.0,0.0
ACOTA,0.0,0.0,0.0,0.0
ACPS1,0.0,0.0,0.0,0.0
5DGLCNR,0.0,0.0,0.0,0.0
A5PISO,0.0,0.0,0.0,0.0
AACPS1,0.0,0.0,0.0,0.0
AACPS2,0.0,0.0,0.0,0.0
ACS,0.0,0.0,0.0,0.0
ACt2r,-20.0,-20.0,-20.0,-20.000000000000227
ADA,0.0,0.0,0.0,0.0
ADCL,0.0,0.0,0.0,0.0
ADCS,0.0,0.0,0.0,0.0
AACPS3,0.0,0.0,0.0,0.0
AACPS4,0.0,0.0,0.0,0.0
ADD,0.0,0.0,0.0,0.0
ARGDC,0.0,0.0,0.0,0.0
ADEt2,0.0,0.0,0.0,0.0
AACPS5,0.0,0.0,0.0,0.0
AADDGT,0.0,0.0,0.0,0.0
ADHEr,0.0,0.0,0.0,0.0
ARGORNt7,0.0,0.0,0.0,0.0
ADK1,-907.131806032262,-933.595742062074,719.4681271801553,724.6810801735733
ADK3,907.1318060322619,933.5957420620739,-719.4681271801553,-724.6810801735734
ADK4,0.0,0.0,0.0,0.0
AB6PGH,0.0,0.0,0.0,0.0
ADMDC,0.0,0.0,0.0,0.0
ARGSL,0.0,0.0,0.0,0.0
ADNCYC,0.0,0.0,0.0,0.0
ARGSS,0.0,0.0,0.0,0.0
ADNK1,0.0,0.0,0.0,0.0
ADNt2_copy1,7.117897826972579,6.173400879177556,6.6344062474663685,6.36759431302592
C120SN,0.0,0.0,0.0,0.0
ARGabc,0.0,0.0,0.0,0.0
ADNt2_copy2,-7.11789782697258,-6.173400879177507,-6.634406247466359,-6.367594313025961
ADOCBIK,0.0,0.0,0.0,0.0
ASAD,0.0,0.0,0.0,0.0
ADOCBLS,0.0,0.0,0.0,0.0
ADPT,0.0,0.0,0.0,0.0
ASNN,0.0,0.0,0.0,0.0
ADSK,0.0,0.0,0.0,0.0
ADSL1r,0.0,0.0,0.0,0.0
ADSL2r,0.0,0.0,0.0,0.0
ADSS,0.0,0.0,0.0,0.0
AGDC,0.0,0.0,0.0,0.0
C140SN,0.0,0.0,0.0,0.0
C141SN,0.0,0.0,0.0,0.0
C160SN,0.0,0.0,0.0,0.0
C161SN,0.0,0.0,0.0,0.0
C181SN,0.0,0.0,0.0,0.0
CADVt,0.0,0.0,0.0,0.0
AGMHE,0.0,0.0,0.0,0.0
ASNS1,0.0,0.0,0.0,0.0
AGMT,0.0,0.0,0.0,0.0
AGPR,0.0,0.0,0.0,0.0
ASNS2,0.0,0.0,0.0,0.0
ASNabc,0.0,0.0,0.0,0.0
ASNt2r,0.0,0.0,0.0,0.0
AHCi,0.0,0.0,0.0,0.0
AHCYSNS,0.0,0.0,0.0,0.0
CAT,0.0,0.0,0.0,0.0
CBIAT_DELETE,0.0,0.0,0.0,0.0
ASP1DC,0.0,0.0,0.0,0.0
CBL1abc,0.0,0.0,0.0,0.0
CBLAT_DELETE,0.0,0.0,0.0,0.0
AICART,0.0,0.0,0.0,0.0
AIRC2,0.0,0.0,0.0,0.0
AIRC3,0.0,0.0,0.0,0.0
AKGDH,0.0,0.0,0.0,0.0
ASPCT,0.0,0.0,0.0,0.0
AKGt2r,0.0,0.0,0.0,0.0
ALAALAr,0.0,0.0,0.0,0.0
ALAR_copy1,-33.93613619946859,-37.664709106910436,-65.67370097325772,-73.69566111495328
ALAR_copy2,33.936136199468635,37.664709106910415,65.67370097325775,73.6956611149533
ALATA_D2,0.0,0.0,0.0,0.0
CBMKr,0.0,0.0,0.0,0.0
CBPS,0.0,0.0,0.0,0.0
CDAPPA_EC,0.0,0.0,0.0,0.0
CDPMEK,0.0,0.0,0.0,0.0
ALATA_L,-311.6278960619758,-311.62549475478704,-189.02496236017885,-184.08754004082027
CHLabc,0.0,0.0,0.0,0.0
ASPK,0.0,0.0,0.0,0.0
CHLt2,0.0,0.0,0.0,0.0
CHORM,0.0,0.0,0.0,0.0
DASYN_EC,0.0,0.0,0.0,0.0
ASPO3_1,0.0,0.0,0.0,0.0
CHORS,0.0,0.0,0.0,0.0
CHRPL,0.0,0.0,0.0,0.0
ASPO4_1,0.0,0.0,0.0,0.0
CINNDO,0.0,0.0,0.0,0.0
CITL,0.0,0.0,0.0,0.0
ASPO5_1,0.0,0.0,0.0,0.0
CITt7,0.0,0.0,0.0,0.0
DB4PS,0.0,0.0,0.0,0.0
CLPNS_EC,0.0,0.0,0.0,0.0
ASPO6_1,0.0,0.0,0.0,0.0
CMPN,0.0,0.0,0.0,0.0
DBTS,0.0,0.0,0.0,0.0
CO2t,-20.0,-20.0,-20.0,-19.999999999999886
ASPT,0.0,52.867767838284145,140.08877802812196,19.330751640820942
DCTPD,0.0,0.0,0.0,0.0
CPPPGO,0.0,0.0,0.0,0.0
ASPTA,0.0,-52.86776783828418,-140.08877802812196,-19.33075164082095
CRNBTCT,0.0,0.0,0.0,0.0
CRNCBCT,0.0,0.0,0.0,0.0
DCYTD,0.0,0.0,0.0,0.0
ASPabc,0.0,0.0,0.0,0.0
DCYTt2,0.0,0.0,0.0,0.0
DDGALK,0.0,0.0,0.0,0.0
DDGLCNt2r,0.0,0.0,0.0,0.0
DDGLK,0.0,0.0,0.0,0.0
CRNCDH,0.0,0.0,0.0,0.0
CRNt7,0.0,0.0,0.0,0.0
CS,0.0,0.0,0.0,0.0
CSND,0.0,0.0,0.0,0.0
CSNt2,0.0,0.0,0.0,0.0
DDPA,0.0,0.0,0.0,0.0
DDPGALA,0.0,0.0,0.0,0.0
DGK1,0.0,0.0,0.0,0.0
ASPt2r,0.0,0.0,0.0,0.0
DGSNt2,0.0,0.0,0.0,0.0
DHAD1,0.0,0.0,0.0,0.0
DHAD2,0.0,0.0,0.0,0.0
CTPS2,0.0,0.0,0.0,0.0
CYANST,0.0,0.0,0.0,0.0
CYNTAH,0.0,0.0,0.0,0.0
DHAPT,0.0,0.0,0.0,0.0
CYNTt2,0.0,0.0,0.0,0.0
ASPt2_2,0.0,0.0,0.0,0.0
CYSDS,0.0,0.0,0.0,0.0
DHAt,0.0,0.0,0.0,0.0
DHBD,0.0,0.0,0.0,0.0
DHBSr,0.0,0.0,0.0,0.0
CYSS,0.0,0.0,0.0,0.0
CYSTL,0.0,0.0,0.0,0.0
DHCIND,0.0,0.0,0.0,0.0
ASPt2_3,0.0,0.0,0.0,0.0
DHCINDO_1,0.0,0.0,0.0,0.0
DHDPRy,0.0,0.0,0.0,0.0
CYSabc,0.0,0.0,0.0,0.0
CYTBD,0.0,0.0,0.0,0.0
AST,0.0,0.0,0.0,0.0
CYTBO3,40.0,40.0,40.0,40.0
CYTD,0.0,0.0,0.0,0.0
CYTDK2,0.0,0.0,0.0,0.0
CYTDt2_copy1,7.117897826972579,6.173400879177556,6.6344062474663685,6.36759431302592
DHDPS,0.0,0.0,0.0,0.0
DHFR,0.0,0.0,0.0,0.0
DHFS_1,0.0,0.0,0.0,0.0
DHNAOT,0.0,0.0,0.0,0.0
ATPM,7.6,7.6,7.6,7.6
DHNPA2r,0.0,0.0,0.0,0.0
DHORD2,0.0,0.0,0.0,0.0
CYTDt2_copy2,-7.11789782697258,-6.173400879177507,-6.634406247466359,-6.367594313025961
CYTK1,0.0,0.0,0.0,0.0
CYTK2,0.0,0.0,0.0,0.0
DHORD5,0.0,0.0,0.0,0.0
DHORTS,0.0,0.0,0.0,0.0
ATPPRT,0.0,0.0,0.0,0.0
DHPPD,0.0,0.0,0.0,0.0
DAAD,0.0,0.0,0.0,0.0
ATPS4r,-32.39999999999998,-32.39999999999998,-32.39999999999998,-32.400000000000546
DADA,0.0,0.0,0.0,0.0
DADK,0.0,0.0,0.0,0.0
DHPPDA2,0.0,0.0,0.0,0.0
DHPS2_1,0.0,0.0,0.0,0.0
BETALDHx,0.0,0.0,0.0,0.0
DHPTDCs,0.0,0.0,0.0,0.0
DHQTi,0.0,0.0,0.0,0.0
DADNt2,0.0,0.0,0.0,0.0
BETALDHy,0.0,0.0,0.0,0.0
DAGK_EC,0.0,0.0,0.0,0.0
DALAt2r,0.0,0.0,0.0,0.0
DHQS,0.0,0.0,0.0,0.0
DINSt2,0.0,0.0,0.0,0.0
DAPDC,0.0,0.0,0.0,0.0
DKGLCNR1,0.0,0.0,0.0,0.0
DAPE,0.0,0.0,0.0,0.0
DAPabc,0.0,0.0,0.0,0.0
DKGLCNR2x,0.0,0.0,0.0,0.0
DKGLCNR2y,0.0,0.0,0.0,0.0
DKMPPD,0.0,0.0,0.0,0.0
DKMPPD2,0.0,0.0,0.0,0.0
BPNT,0.0,0.0,0.0,0.0
DMATT,0.0,0.0,0.0,0.0
DMPPS,0.0,0.0,0.0,0.0
DMQMT,0.0,0.0,0.0,0.0
EDD,0.0,0.0,0.0,0.0
BSORx,0.0,0.0,0.0,0.0
EDTXS1,0.0,0.0,0.0,0.0
DMSOR1,0.0,0.0,0.0,0.0
BSORy,0.0,0.0,0.0,0.0
DMSOR1e,0.0,0.0,0.0,0.0
EDTXS2,0.0,0.0,0.0,0.0
DMSOR2,0.0,0.0,0.0,0.0
BTS2,0.0,0.0,0.0,0.0
EDTXS3,0.0,0.0,0.0,0.0
EDTXS4,0.0,0.0,0.0,0.0
DMSOR2e,0.0,0.0,0.0,0.0
ENO,20.0,20.0,20.0,20.000000000000114
DNMPPA,0.0,0.0,0.0,0.0
BUTCT,0.0,0.0,0.0,0.0
DNTPPA,0.0,0.0,0.0,0.0
DOGULNR,0.0,0.0,0.0,0.0
ENTCS_1,0.0,0.0,0.0,0.0
BUTt2r,0.0,0.0,0.0,0.0
DPCOAK,0.0,0.0,0.0,0.0
BIOMASS_Ecoli,0.0,0.0,0.0,0.0
DPR,0.0,0.0,0.0,0.0
ETHAAL,0.0,0.0,0.0,0.0
ETOHt2r,0.0,0.0,0.0,0.0
DRPA,0.0,0.0,0.0,0.0
EX_h2o_e,20.0,20.0,20.0,19.999999999999545
DSERt2,0.0,0.0,0.0,0.0
DTMPK,0.0,0.0,0.0,0.0
DURIK1,0.0,0.0,0.0,0.0
DURIPP,0.0,0.0,0.0,0.0
DURIt2,0.0,0.0,0.0,0.0
DUTPDP,0.0,0.0,0.0,0.0
DXPRIi,0.0,0.0,0.0,0.0
EX_12ppd__S_e,0.0,0.0,0.0,0.0
EX_15dap_e,0.0,0.0,0.0,0.0
EX_26dap__M_e,0.0,0.0,0.0,0.0
EX_2ddglcn_e,0.0,0.0,0.0,0.0
EX_3hcinnm_e,0.0,0.0,0.0,0.0
EX_3hpppn_e,0.0,0.0,0.0,0.0
EX_4abut_e,0.0,0.0,0.0,0.0
EX_ac_e,20.0,20.0,20.0,20.000000000000227
DXPS,0.0,0.0,0.0,0.0
DXYLK,0.0,0.0,0.0,0.0
EX_acac_e,0.0,0.0,0.0,0.0
EX_h_e,20.0,19.999999999999886,20.0,20.000000000000682
EX_acald_e,0.0,0.0,0.0,0.0
EX_acgam_e,0.0,0.0,0.0,0.0
D_LACt2,0.0,0.0,0.0,0.0
E4PD,0.0,0.0,0.0,0.0
ECAP_EC,0.0,0.0,0.0,0.0
EX_acmana_e,0.0,0.0,0.0,0.0
EX_hdca_e,0.0,0.0,0.0,0.0
EX_acnam_e,0.0,0.0,0.0,0.0
EX_ade_e,0.0,0.0,0.0,0.0
EDA,0.0,0.0,0.0,0.0
EX_his__L_e,0.0,0.0,0.0,0.0
EX_adn_e,0.0,0.0,0.0,0.0
EX_akg_e,0.0,0.0,0.0,0.0
EX_hxan_e,0.0,0.0,0.0,0.0
EX_ala__D_e,0.0,0.0,0.0,0.0
EX_idon__L_e,0.0,0.0,0.0,0.0
EX_ala__L_e,0.0,0.0,0.0,0.0
EX_alltn_e,0.0,0.0,0.0,0.0
EX_amp_e,0.0,0.0,0.0,0.0
EX_arab__L_e,0.0,0.0,0.0,0.0
EX_arg__L_e,0.0,0.0,0.0,0.0
FBP,0.0,0.0,0.0,0.0
FCI,0.0,0.0,0.0,0.0
FCLK,0.0,0.0,0.0,0.0
FCLPA,0.0,0.0,0.0,0.0
FCLT,0.0,0.0,0.0,0.0
EX_asn__L_e,0.0,0.0,0.0,0.0
EX_asp__L_e,0.0,0.0,0.0,0.0
EX_ile__L_e,0.0,0.0,0.0,0.0
EX_but_e,0.0,0.0,0.0,0.0
EX_cbl1_e,0.0,0.0,0.0,0.0
FDH2,0.0,0.0,0.0,0.0
FDH3,17.365005178731277,16.706020120473326,6.402812212065427,4.404983074818498
FE2abc,0.0,0.0,0.0,0.0
EX_chol_e,0.0,0.0,0.0,0.0
EX_indole_e,0.0,0.0,0.0,0.0
EX_cit_e,0.0,0.0,0.0,0.0
EX_co2_e,20.0,20.0,20.0,19.999999999999886
EX_crn_e,0.0,0.0,0.0,0.0
FFSD,0.0,0.0,0.0,0.0
FHL,1.3660168759688296,2.0827447395139456,2.069391866067585,1.2004475952166358
FMNAT,0.0,0.0,0.0,0.0
EX_csn_e,0.0,0.0,0.0,0.0
EX_ins_e,0.0,0.0,0.0,0.0
EX_cynt_e,0.0,0.0,0.0,0.0
EX_k_e,0.0,0.0,0.0,0.0
EX_cys__L_e,0.0,0.0,0.0,0.0
EX_cytd_e,0.0,0.0,0.0,0.0
EX_lac__D_e,0.0,0.0,0.0,0.0
EX_dad_2_e,0.0,0.0,0.0,0.0
FORt,0.0,0.0,0.0,0.0
FRD2,18.731022054700105,18.78876485998727,8.472204078133014,5.605430670035133
EX_dcyt_e,0.0,0.0,0.0,0.0
FRD3,18.731022054700105,21.21123514001273,31.527795921866986,34.39456932996487
FRUK,0.0,0.0,0.0,0.0
FRUpts,0.0,0.0,0.0,0.0
FRUpts2,0.0,0.0,0.0,0.0
EX_dgsn_e,0.0,0.0,0.0,0.0
EX_dha_e,0.0,0.0,0.0,0.0
EX_din_e,0.0,0.0,0.0,0.0
EX_dms_e,0.0,0.0,0.0,0.0
FTHFD,0.0,0.0,0.0,0.0
EX_lac__L_e,0.0,0.0,0.0,0.0
FUCPt6_2,0.0,0.0,0.0,0.0
FUCt,0.0,0.0,0.0,0.0
FUM,0.0,52.86776783828418,140.08877802812185,19.33075164082095
EX_dmso_e,0.0,0.0,0.0,0.0
EX_duri_e,0.0,0.0,0.0,0.0
EX_etoh_e,0.0,0.0,0.0,0.0
FUMt2_2,0.0,1.9022872828229451,2.585859528793638,3.0357145359451736
EX_lcts_e,0.0,0.0,0.0,0.0
FUMt2_3,0.0,0.0,0.0,0.0
EX_fe2_e,0.0,0.0,0.0,0.0
EX_for_e,0.0,0.0,0.0,0.0
G1PACT,0.0,0.0,0.0,0.0
EX_leu__L_e,0.0,0.0,0.0,0.0
G1PP,0.0,0.0,0.0,0.0
EX_fru_e,0.0,0.0,0.0,0.0
EX_lys__L_e,0.0,0.0,0.0,0.0
EX_fuc1p__L_e,0.0,0.0,0.0,0.0
EX_fuc__L_e,0.0,0.0,0.0,0.0
G1PTT,0.0,0.0,0.0,0.0
G1SAT,0.0,0.0,0.0,0.0
EX_fum_e,0.0,0.0,0.0,0.0
EX_mal__L_e,0.0,0.0,0.0,0.0
G3PD2,0.0,0.0,0.0,0.0
G3PD5,0.0,0.0,0.0,0.0
EX_g6p_e,0.0,0.0,0.0,0.0
G3PD6,0.0,0.0,0.0,0.0
EX_gal_e,0.0,0.0,0.0,0.0
EX_galct__D_e,0.0,0.0,0.0,0.0
EX_galctn__D_e,0.0,0.0,0.0,0.0
G3PD7,0.0,0.0,0.0,0.0
G5SADs,0.0,0.0,0.0,0.0
G5SD,0.0,0.0,0.0,0.0
EX_galt_e,0.0,0.0,0.0,0.0
EX_malt_e,0.0,0.0,0.0,0.0
EX_galur_e,0.0,0.0,0.0,0.0
EX_gam_e,0.0,0.0,0.0,0.0
G6PDA,0.0,0.0,0.0,0.0
G6PDH2r,0.0,0.0,0.0,0.0
G6Pt6_2,0.0,0.0,0.0,0.0
GALCTD,0.0,0.0,0.0,0.0
EX_gbbtn_e,0.0,0.0,0.0,0.0
EX_glc__D_e,-10.0,-10.0,-10.0,-10.0
GALCTND,0.0,0.0,0.0,0.0
GALCTNt2r,0.0,0.0,0.0,0.0
EX_glcn_e,0.0,0.0,0.0,0.0
EX_malthx_e,0.0,0.0,0.0,0.0
EX_glcr_e,0.0,0.0,0.0,0.0
EX_glcur_e,0.0,0.0,0.0,0.0
GALCTt2r,0.0,0.0,0.0,0.0
EX_maltpt_e,0.0,0.0,0.0,0.0
GALKr,0.0,0.0,0.0,0.0
GALS3,0.0,0.0,0.0,0.0
GALTpts,0.0,0.0,0.0,0.0
EX_gln__L_e,0.0,0.0,0.0,0.0
EX_glu__L_e,0.0,0.0,0.0,0.0
EX_gly_e,0.0,0.0,0.0,0.0
EX_glyald_e,0.0,0.0,0.0,0.0
EX_glyb_e,0.0,0.0,0.0,0.0
EX_malttr_e,0.0,0.0,0.0,0.0
EX_glyc3p_e,0.0,0.0,0.0,0.0
EX_glyc_e,0.0,0.0,0.0,0.0
GALUi_copy1,-403.4047513325181,-384.56321725577686,-264.96972042099253,-249.58677187273224
GALURt2r,0.0,0.0,0.0,0.0
GALUi_copy2,403.40475133251806,384.5632172557768,264.96972042099253,249.5867718727322
GALabc,0.0,0.0,0.0,0.0
EX_glyclt_e,0.0,0.0,0.0,0.0
EX_gsn_e,0.0,0.0,0.0,0.0
EX_gua_e,0.0,0.0,0.0,0.0
GALt2,0.0,0.0,0.0,0.0
EX_maltttr_e,0.0,0.0,0.0,0.0
GAMpts,0.0,0.0,0.0,0.0
GAPD,20.0,20.0,20.0,20.000000000000114
GARFT,0.0,0.0,0.0,0.0
EX_man6p_e,0.0,0.0,0.0,0.0
GART,0.0,0.0,0.0,0.0
GCALDD,0.0,0.0,0.0,0.0
EX_man_e,0.0,0.0,0.0,0.0
GDMANE,0.0,0.0,0.0,0.0
GLCS1,0.0,0.0,0.0,0.0
EX_melib_e,0.0,0.0,0.0,0.0
GLCURt2r,0.0,0.0,0.0,0.0
GF6PTA,0.0,0.0,0.0,0.0
GHMT2r,0.0,0.0,0.0,0.0
GK1,0.0,0.0,0.0,0.0
GLCpts,0.0,0.0,0.0,0.0
GLCDe,0.0,0.0,0.0,0.0
EX_met__D_e,0.0,0.0,0.0,0.0
GLCNt2r,0.0,0.0,0.0,0.0
GLCt2,10.0,10.0,10.0,10.0
EX_met__L_e,0.0,0.0,0.0,0.0
GLGC,0.0,0.0,0.0,0.0
GLNS,0.0,0.0,0.0,0.0
GLCP,0.0,0.0,0.0,0.0
GLCRAL,0.0,0.0,0.0,0.0
GLCRD,0.0,0.0,0.0,0.0
GLCRt2r,0.0,0.0,0.0,0.0
GLNabc,0.0,0.0,0.0,0.0
GLTPD,0.0,0.0,0.0,0.0
GLU5K,0.0,0.0,0.0,0.0
GLUABUTt7,0.0,14.746453018782859,18.410383600255614,16.77769700104136
GLUCYS,0.0,0.0,0.0,0.0
GUAD,0.0,0.0,0.0,0.0
GUAPRT,0.0,0.0,0.0,0.0
GLUDC,0.0,0.0,0.0,0.0
EX_mnl_e,0.0,0.0,0.0,0.0
GLUDy,0.0,-52.86776783828418,-140.08877802812196,-19.33075164082095
GLUN,0.0,0.0,0.0,0.0
GLUPRT,0.0,0.0,0.0,0.0
GUAt,0.0,-159.9384292547362,0.0,-219.11635926752365
EX_na1_e,0.0,0.0,0.0,0.0
GUAt2r,0.0,159.93842925473623,0.0,219.11635926752365
GUI1,0.0,0.0,0.0,0.0
GLUR,0.0,0.0,0.0,0.0
GLUSy,0.0,0.0,0.0,0.0
GLUTRR,0.0,0.0,0.0,0.0
GLUTRS,0.0,0.0,0.0,0.0
GUI2,0.0,0.0,0.0,0.0
GLUabc,0.0,0.0,0.0,0.0
EX_nac_e,0.0,0.0,0.0,0.0
EX_nad_e,0.0,0.0,0.0,0.0
H2Ot,-20.0,-20.0,-20.0,-19.999999999999545
EX_nh4_e,0.0,0.0,0.0,0.0
GLUt2r,-28.09966385392704,-32.59735903142541,-21.07307128082084,-16.77769700104136
EX_nmn_e,0.0,0.0,0.0,0.0
GLUt4,28.099663853927037,17.850906012642525,2.6626876805651847,0.0
GLXCL,0.0,0.0,0.0,0.0
HBZOPT,0.0,0.0,0.0,0.0
HCINNMt2r,0.0,0.0,0.0,0.0
EX_no2_e,0.0,0.0,0.0,0.0
HCO3E,0.0,0.0,0.0,0.0
GLYALDt,0.0,0.0,0.0,0.0
GLYAT,0.0,0.0,0.0,0.0
HDCAt2,0.0,0.0,0.0,0.0
HEMEOS,0.0,0.0,0.0,0.0
GLYBabc,0.0,0.0,0.0,0.0
GLYBt2r,0.0,0.0,0.0,0.0
GLYC3Pabc,0.0,0.0,0.0,0.0
GLYC3Pt6,0.0,0.0,0.0,0.0
HETZK,0.0,0.0,0.0,0.0
EX_no3_e,0.0,0.0,0.0,0.0
HEX1,10.0,10.0,10.0,10.0
GLYCDx,0.0,0.0,0.0,0.0
GLYCK,0.0,0.0,0.0,0.0
EX_o2_e,-20.0,-20.0,-20.0,-20.0
GLYCL,0.0,0.0,0.0,0.0
GLYCLTDx,0.0,0.0,0.0,0.0
HISTD,0.0,0.0,0.0,0.0
HISTP,0.0,0.0,0.0,0.0
HISabc,0.0,0.0,0.0,0.0
GLYCLTDy,0.0,0.0,0.0,0.0
EX_ocdca_e,0.0,0.0,0.0,0.0
GLYCLTt2r,0.0,0.0,0.0,0.0
GLYCTO2,0.0,0.0,0.0,0.0
HISt2r,0.0,0.0,0.0,0.0
EX_orn_e,0.0,0.0,0.0,0.0
HKNDDH_1,0.0,0.0,0.0,0.0
GLYCTO3,0.0,0.0,0.0,0.0
GLYCTO4,0.0,0.0,0.0,0.0
HKNTDH_1,0.0,0.0,0.0,0.0
EX_phe__L_e,0.0,0.0,0.0,0.0
HMBS,0.0,0.0,0.0,0.0
GLYCt,0.0,0.0,0.0,0.0
GLYK,0.0,0.0,0.0,0.0
HMPK1,0.0,0.0,0.0,0.0
EX_pi_e,0.0,0.0,0.0,0.0
HOPNTAL,0.0,0.0,0.0,0.0
GLYOX,0.0,0.0,0.0,0.0
GLYt2r,0.0,0.0,0.0,0.0
HPPK2,0.0,0.0,0.0,0.0
HPPPNDO_1,0.0,0.0,0.0,0.0
HPPPNt2r,0.0,0.0,0.0,0.0
GMAND,0.0,0.0,0.0,0.0
GMHEPAT,0.0,0.0,0.0,0.0
GMHEPK,0.0,0.0,0.0,0.0
GMHEPPA,0.0,0.0,0.0,0.0
HPYRI,0.0,0.0,0.0,0.0
HPYRRx,0.0,0.0,0.0,0.0
GMPR,0.0,0.0,0.0,0.0
GMPS2,0.0,0.0,0.0,0.0
HPYRRy,0.0,0.0,0.0,0.0
EX_pnto__R_e,0.0,0.0,0.0,0.0
HSDy,0.0,0.0,0.0,0.0
HSK,0.0,0.0,0.0,0.0
HSST,0.0,0.0,0.0,0.0
GND,0.0,0.0,0.0,0.0
GNK,0.0,0.0,0.0,0.0
GOFUCR,0.0,0.0,0.0,0.0
GP4GH,0.0,0.0,0.0,0.0
GPDDA1,0.0,0.0,0.0,0.0
HSTPT,0.0,0.0,0.0,0.0
HXPRT,0.0,0.0,0.0,0.0
GPDDA2,0.0,0.0,0.0,0.0
EX_pppn_e,0.0,0.0,0.0,0.0
GPDDA3,0.0,0.0,0.0,0.0
GPDDA4,0.0,0.0,0.0,0.0
HYD1,0.0,0.0,0.0,0.0
HYD2,1.3660168759688296,2.0827447395139456,2.069391866067585,1.2004475952166358
EX_pro__L_e,0.0,0.0,0.0,0.0
HYD3,0.0,0.0,0.0,0.0
GPDDA5,0.0,0.0,0.0,0.0
GRTT,0.0,0.0,0.0,0.0
HYPOE,0.0,0.0,0.0,0.0
GSNK,0.0,0.0,0.0,0.0
GSNt2,0.0,0.0,0.0,0.0
GSPMDA,0.0,0.0,0.0,0.0
HYXNt,0.0,0.0,0.0,0.0
ICDHyr,0.0,0.0,0.0,0.0
ICHORS,0.0,0.0,0.0,0.0
ICHORT,0.0,0.0,0.0,0.0
ICL,0.0,0.0,0.0,0.0
GSPMDS,0.0,0.0,0.0,0.0
GTHOr,0.0,0.0,0.0,0.0
IDOND,-4.4018821378150506,-4.635378412110981,0.0,0.0
EX_ptrc_e,0.0,0.0,0.0,0.0
IDOND2,4.401882137815065,4.635378412110983,0.0,0.0
IDONt2r,0.0,0.0,0.0,0.0
IG3PS,0.0,0.0,0.0,0.0
GTHS,0.0,0.0,0.0,0.0
GTPCI_1,0.0,0.0,0.0,0.0
IGPDH,0.0,0.0,0.0,0.0
EX_pyr_e,0.0,0.0,0.0,0.0
IGPS,0.0,0.0,0.0,0.0
GTPCII2,0.0,0.0,0.0,0.0
ILETA,0.0,0.0,0.0,0.0
EX_rib__D_e,0.0,0.0,0.0,0.0
ILEabc,0.0,0.0,0.0,0.0
EX_rmn_e,0.0,0.0,0.0,0.0
ILEt2r,0.0,0.0,0.0,0.0
IMPC,0.0,0.0,0.0,0.0
KARA2,0.0,0.0,0.0,0.0
EX_sbt__D_e,0.0,0.0,0.0,0.0
KAS14,0.0,0.0,0.0,0.0
KAS15,0.0,0.0,0.0,0.0
IMPD,0.0,0.0,0.0,0.0
INDOLEt2r,0.0,0.0,0.0,0.0
INSK,0.0,0.0,0.0,0.0
KAS16,0.0,0.0,0.0,0.0
EX_ser__D_e,0.0,0.0,0.0,0.0
KDOCT2,0.0,0.0,0.0,0.0
KDOPP,0.0,0.0,0.0,0.0
KDOPS,0.0,0.0,0.0,0.0
KG6PDC,0.0,0.0,0.0,0.0
Kabc,0.0,0.0,0.0,0.0
INSt2_copy1,7.117897826972579,6.173400879177556,6.6344062474663685,6.36759431302592
INSt2_copy2,-7.11789782697258,-6.173400879177507,-6.634406247466359,-6.367594313025961
IPDDI,0.0,0.0,0.0,0.0
IPDPS,0.0,0.0,0.0,0.0
IPMD,0.0,0.0,0.0,0.0
EX_ser__L_e,0.0,0.0,0.0,0.0
IPPMIa,0.0,0.0,0.0,0.0
IPPMIb,0.0,0.0,0.0,0.0
IPPS,0.0,0.0,0.0,0.0
Kt2r,0.0,0.0,0.0,0.0
LACZ,0.0,0.0,0.0,0.0
LCADi_copy1,-272.5484918648244,-314.3373046537963,-666.4511923608533,-648.1095552404926
KARA1,0.0,0.0,0.0,0.0
EX_so4_e,0.0,0.0,0.0,0.0
LCADi_copy2,272.5484918648244,314.33730465379625,666.4511923608533,648.1095552404926
EX_spmd_e,0.0,0.0,0.0,0.0
LCARS,0.0,0.0,0.0,0.0
LCTSt,0.0,0.0,0.0,0.0
MELIBt2,0.0,0.0,0.0,0.0
EX_succ_e,0.0,0.0,0.0,0.0
MEPCT,0.0,0.0,0.0,0.0
LDH_D,0.0,0.0,0.0,0.0
LDH_D2,0.0,0.0,0.0,0.0
LEUTAi,0.0,0.0,0.0,0.0
LEUabc,0.0,0.0,0.0,0.0
METAT,0.0,0.0,0.0,0.0
EX_sucr_e,0.0,0.0,0.0,0.0
METDabc,0.0,0.0,0.0,0.0
LEUt2r,0.0,0.0,0.0,0.0
METS_1,0.0,0.0,0.0,0.0
METabc,0.0,0.0,0.0,0.0
LGTHL,0.0,0.0,0.0,0.0
LPADSS,0.0,0.0,0.0,0.0
LPLIPA1,0.0,0.0,0.0,0.0
MGSA,0.0,0.0,0.0,0.0
EX_tartr__L_e,0.0,0.0,0.0,0.0
MI1PP,0.0,0.0,0.0,0.0
LPLIPA2,0.0,0.0,0.0,0.0
LPLIPA3,0.0,0.0,0.0,0.0
LPLIPA4,0.0,0.0,0.0,0.0
MICITDr,0.0,0.0,0.0,0.0
EX_taur_e,0.0,0.0,0.0,0.0
MLTG1,0.0,0.0,0.0,0.0
MLTG2,0.0,0.0,0.0,0.0
LPLIPA5,0.0,0.0,0.0,0.0
LPLIPA6,0.0,0.0,0.0,0.0
LPSSYN_EC,0.0,0.0,0.0,0.0
EX_thm_e,0.0,0.0,0.0,0.0
MLTG3,0.0,0.0,0.0,0.0
MLTG4,0.0,0.0,0.0,0.0
EX_thr__L_e,0.0,0.0,0.0,0.0
MLTG5,0.0,0.0,0.0,0.0
LYSDC,0.0,0.0,0.0,0.0
LYSabc,0.0,0.0,0.0,0.0
MLTP1,0.0,0.0,0.0,0.0
EX_thymd_e,0.0,0.0,0.0,0.0
MLTP2,0.0,0.0,0.0,0.0
MLTP3,0.0,0.0,0.0,0.0
LYSt2r,0.0,0.0,0.0,0.0
MMCD,0.0,0.0,0.0,0.0
EX_tma_e,0.0,0.0,0.0,0.0
MME,0.0,0.0,0.0,0.0
L_LACD2,0.0,0.0,0.0,0.0
L_LACD3,0.0,0.0,0.0,0.0
EX_tmao_e,0.0,0.0,0.0,0.0
L_LACt2r,0.0,0.0,0.0,0.0
M1PD,0.0,0.0,0.0,0.0
MACPD,0.0,0.0,0.0,0.0
MALS,0.0,0.0,0.0,0.0
MMM2,0.0,0.0,0.0,0.0
MNLpts,0.0,0.0,0.0,0.0
MNNH,0.0,0.0,0.0,0.0
MOAT,0.0,0.0,0.0,0.0
MOAT2,0.0,0.0,0.0,0.0
MALTHXabc,0.0,0.0,0.0,0.0
MALTPTabc,0.0,0.0,0.0,0.0
MOHMT,0.0,0.0,0.0,0.0
EX_tre_e,0.0,0.0,0.0,0.0
MALTTRabc,0.0,0.0,0.0,0.0
MALTTTRabc,0.0,0.0,0.0,0.0
MALTabc,0.0,0.0,0.0,0.0
MTAN,0.0,0.0,0.0,0.0
MTHFC_1,0.0,0.0,0.0,0.0
EX_trp__L_e,0.0,0.0,0.0,0.0
MALTpts,0.0,0.0,0.0,0.0
MALt2_2,0.0,0.0,0.0,0.0
MTHFD_1,0.0,0.0,0.0,0.0
EX_tsul_e,0.0,0.0,0.0,0.0
MTHFR2_1,0.0,0.0,0.0,0.0
MTRI,0.0,0.0,0.0,0.0
MTRK,0.0,0.0,0.0,0.0
MALt2_3,0.0,0.0,0.0,0.0
MAN1PT2,0.0,0.0,0.0,0.0
MAN6PI,0.0,0.0,0.0,0.0
MAN6Pt6_2,0.0,0.0,0.0,0.0
NACODA,0.0,0.0,0.0,0.0
EX_ttdca_e,0.0,0.0,0.0,0.0
NACt,0.0,0.0,0.0,0.0
NADDP,0.0,0.0,0.0,0.0
NADDPe,0.0,0.0,0.0,0.0
NADH10,0.0,0.0,0.0,0.0
NADH5,0.0,0.0,0.0,0.0
MANAO,0.0,0.0,0.0,0.0
MANpts,0.0,0.0,0.0,0.0
MCITD,0.0,0.0,0.0,0.0
MCITL2,0.0,0.0,0.0,0.0
MCITS,0.0,0.0,0.0,0.0
MCOATA,0.0,0.0,0.0,0.0
MDH,0.0,52.86776783828418,140.08877802812185,19.33075164082095
NADH6,2.5379558905997897,0.0,0.0,0.0
NADH7,0.0,0.0,0.0,0.0
MDH2,0.0,0.0,0.0,0.0
NADH8,18.731022054700105,21.21123514001273,31.527795921866986,34.39456932996487
EX_tyr__L_e,0.0,0.0,0.0,0.0
NADH9,0.0,0.0,0.0,0.0
NADK,0.0,0.0,0.0,0.0
MDH3,0.0,0.0,0.0,0.0
MDRPD,0.0,0.0,0.0,0.0
EX_ura_e,0.0,0.0,0.0,0.0
ME1,0.0,0.0,0.0,0.0
NADPPPS,0.0,0.0,0.0,0.0
ME2,0.0,0.0,0.0,0.0
EX_urea_e,0.0,0.0,0.0,0.0
NADS1,0.0,0.0,0.0,0.0
EX_uri_e,0.0,0.0,0.0,0.0
NADTRHD,135.1658398829975,0.0,0.0,0.0
EX_val__L_e,0.0,0.0,0.0,0.0
NAMNPP,0.0,0.0,0.0,0.0
NAt3_1,86.3352886853097,92.32229060697796,62.000137160125405,57.93585583979666
EX_xan_e,0.0,0.0,0.0,0.0
NAt3_15,36.20578107855739,39.72197907366076,42.05882115245594,17.472911867979242
NAt3_2,0.0,0.0,0.0,48.82916651088365
NDPK1,907.1318060322619,933.5957420620739,-719.4681271801553,-724.6810801735734
NDPK2,0.0,0.0,0.0,0.0
MECDPDH,0.0,0.0,0.0,0.0
MECDPS,0.0,0.0,0.0,0.0
NDPK3,0.0,0.0,0.0,0.0
EX_xtsn_e,0.0,0.0,0.0,0.0
NDPK4,0.0,0.0,0.0,0.0
NDPK5,0.0,0.0,0.0,0.0
NNDMBRT,0.0,0.0,0.0,0.0
NNDPR,0.0,0.0,0.0,0.0
EX_xyl__D_e,0.0,0.0,0.0,0.0
NO2t2r,0.0,0.0,0.0,0.0
NO3R1,0.0,0.0,0.0,0.0
NDPK6,0.0,0.0,0.0,0.0
NDPK7,0.0,0.0,0.0,0.0
NDPK8,0.0,0.0,0.0,0.0
NO3R2,0.0,0.0,0.0,0.0
F6PA,0.0,0.0,0.0,0.0
NO3t7,0.0,0.0,0.0,0.0
NH4t,0.0,0.0,0.0,0.0
NMNAT,0.0,0.0,0.0,0.0
NPHS,0.0,0.0,0.0,0.0
NMNDA,0.0,0.0,0.0,0.0
FAO1,0.0,0.0,0.0,0.0
NMNN,0.0,0.0,0.0,0.0
NMNP,0.0,0.0,0.0,0.0
NMNt7,0.0,0.0,0.0,0.0
NTD1,0.0,0.0,0.0,0.0
NTD10,0.0,0.0,0.0,0.0
NTD11,0.0,0.0,0.0,0.0
NTD2,0.0,0.0,0.0,0.0
NTD3,0.0,0.0,0.0,0.0
NNAM,0.0,0.0,0.0,0.0
NNATr,0.0,0.0,0.0,0.0
FAO2,0.0,0.0,0.0,0.0
NTD4,0.0,0.0,0.0,0.0
NTD5,0.0,0.0,0.0,0.0
FAO3,0.0,0.0,0.0,0.0
NTD6,0.0,0.0,0.0,0.0
PFL,18.731022054700077,18.788764859987282,8.472204078133018,5.605430670035474
PGAMT,0.0,0.0,0.0,0.0
FAO4,0.0,0.0,0.0,0.0
PGCD,0.0,0.0,0.0,0.0
NTD7,0.0,0.0,0.0,0.0
NTD8,0.0,0.0,0.0,0.0
FBA,10.0,10.0,10.0,10.0
NTD9,0.0,0.0,0.0,0.0
NTPP1,0.0,0.0,0.0,0.0
PGI,10.0,10.0,10.0,10.0
PUNP2,0.0,0.0,0.0,0.0
PGK,-20.0,-20.0,-20.0,-20.000000000000114
PGL,0.0,0.0,0.0,0.0
PGLYCP,0.0,0.0,0.0,0.0
PGM,-20.0,-20.0,-20.0,-20.000000000000114
PGMT,0.0,0.0,0.0,0.0
NTPP2,0.0,0.0,0.0,0.0
NTPP3,0.0,0.0,0.0,0.0
NTPP4,0.0,0.0,0.0,0.0
NTPP5,0.0,0.0,0.0,0.0
NTPP6,0.0,0.0,0.0,0.0
NTPP7,0.0,0.0,0.0,0.0
NTPP8,0.0,0.0,0.0,0.0
NTPTP1,0.0,0.0,0.0,0.0
PGPP_EC,0.0,0.0,0.0,0.0
PGSA_EC,0.0,0.0,0.0,0.0
NTPTP2,0.0,0.0,0.0,0.0
PUNP3,0.0,0.0,0.0,0.0
NTRIR2x,0.0,0.0,0.0,0.0
PHETA1,0.0,0.0,0.0,0.0
PUNP4,0.0,0.0,0.0,0.0
PHEt2r,0.0,0.0,0.0,0.0
O2t,20.0,20.0,20.0,20.0
PUNP5,0.0,0.0,0.0,0.0
OBTFL,0.0,0.0,0.0,0.0
OCBT,0.0,0.0,0.0,0.0
PIabc,0.0,0.0,0.0,0.0
PUNP6,0.0,0.0,0.0,0.0
PIt2r,0.0,0.0,0.0,0.0
PUNP7,0.0,0.0,0.0,0.0
PLIPA1,0.0,0.0,0.0,0.0
PLIPA2,0.0,0.0,0.0,0.0
PLIPA3,0.0,0.0,0.0,0.0
OCDCAt2,0.0,0.0,0.0,0.0
OCTDPS,0.0,0.0,0.0,0.0
PYAM5PO,0.0,0.0,0.0,0.0
OHPBAT,0.0,0.0,0.0,0.0
OHPHM,0.0,0.0,0.0,0.0
PMANM,0.0,0.0,0.0,0.0
PMDPHT,0.0,0.0,0.0,0.0
PYDAMK,0.0,0.0,0.0,0.0
PMPK,0.0,0.0,0.0,0.0
PNTK,0.0,0.0,0.0,0.0
OMBZLM,0.0,0.0,0.0,0.0
OMCDC,0.0,0.0,0.0,0.0
OMMBLHX,0.0,0.0,0.0,0.0
PNTOt4,0.0,0.0,0.0,0.0
PYDXK,0.0,0.0,0.0,0.0
POX,0.0,0.0,0.0,0.0
OMPDC,0.0,0.0,0.0,0.0
OMPHHX,0.0,0.0,0.0,0.0
OP4ENH,0.0,0.0,0.0,0.0
PPA,0.0,0.0,0.0,0.0
PPAKr,0.0,1.9278210091002848,0.0,0.0
OPHBDC,0.0,0.0,0.0,0.0
PYDXNK,0.0,0.0,0.0,0.0
OPHHX,0.0,0.0,0.0,0.0
ORNDC,0.0,0.0,0.0,0.0
ORNTA,0.0,0.0,0.0,0.0
PPBNGS,0.0,0.0,0.0,0.0
PPC,0.0,0.0,0.0,0.0
PPCDC,0.0,0.0,0.0,0.0
PPCK,0.0,0.0,0.0,0.0
PPCSCT,3.1262729147144377,0.0,3.459048744165398,3.820090301705491
ORNabc,0.0,0.0,0.0,0.0
PPM,0.0,0.0,0.0,0.0
ORPT,0.0,0.0,0.0,0.0
PYDXPP,0.0,0.0,0.0,0.0
OXGDC2,0.0,0.0,0.0,0.0
PPM2,0.0,0.0,0.0,0.0
PPNCL2,0.0,0.0,0.0,0.0
P5CD,0.0,0.0,0.0,0.0
PYK,20.0,20.0,20.0,20.000000000000114
P5CR,0.0,0.0,0.0,0.0
PACCOAL,0.0,0.0,0.0,0.0
PPND,0.0,0.0,0.0,0.0
PPNDH,0.0,0.0,0.0,0.0
PPPGO,0.0,0.0,0.0,0.0
PANTS,0.0,0.0,0.0,0.0
PYNP2r,0.0,0.0,0.0,0.0
PAPA_EC,0.0,0.0,0.0,0.0
PAPPT3,0.0,0.0,0.0,0.0
PPPNDO,0.0,0.0,0.0,0.0
PPPNt2r,0.0,0.0,0.0,0.0
PPS,0.0,0.0,0.0,0.0
PAPSR,0.0,0.0,0.0,0.0
PPTGS,0.0,0.0,0.0,0.0
PYRt2,0.0,0.0,0.0,0.0
PRAGSr,0.0,0.0,0.0,0.0
PRAIS,0.0,0.0,0.0,0.0
PRAIi,0.0,0.0,0.0,0.0
PRAMPC,0.0,0.0,0.0,0.0
PASYN_EC,0.0,0.0,0.0,0.0
PDH,1.2689779452999232,1.2112351400127181,11.527795921866982,14.394569329964753
PDX5POi,0.0,0.0,0.0,0.0
PDX5PS,0.0,0.0,0.0,0.0
PDXPP,0.0,0.0,0.0,0.0
PRASCSi,0.0,0.0,0.0,0.0
PRATPP,0.0,0.0,0.0,0.0
PRFGS,0.0,0.0,0.0,0.0
PEAMNO,0.0,0.0,0.0,0.0
QULNS_1,0.0,0.0,0.0,0.0
PEPT_EC,0.0,0.0,0.0,0.0
PRMICI,0.0,0.0,0.0,0.0
PROD2,0.0,0.0,0.0,0.0
PROabc,0.0,0.0,0.0,0.0
PERD,0.0,0.0,0.0,0.0
RBFK,0.0,0.0,0.0,0.0
PFK,10.0,10.0,10.0,10.0
PFK_2,0.0,0.0,0.0,0.0
PROt2r,-75.22756749247583,-97.4654527554577,-58.115210997048166,-62.622631894193546
PROt4,75.22756749247577,97.46545275545772,58.115210997048166,62.62263189419355
PRPPS,0.0,0.0,0.0,0.0
PSCVT,0.0,0.0,0.0,0.0
RBFSa,0.0,0.0,0.0,0.0
PSD_EC,0.0,0.0,0.0,0.0
PUNP1,0.0,0.0,0.0,0.0
PSERT,0.0,0.0,0.0,0.0
RBFSb,0.0,0.0,0.0,0.0
PSP_L,0.0,0.0,0.0,0.0
PSSA_EC,0.0,0.0,0.0,0.0
RBK,0.0,0.0,0.0,0.0
SPMS,0.0,0.0,0.0,0.0
PTA2,0.0,1.927821009100255,0.0,0.0
RBK_L1,0.0,0.0,0.0,0.0
PTAr,20.0,20.0,20.0,20.000000000000227
SPODM,0.0,0.0,0.0,0.0
SSALx,0.0,0.0,0.0,0.0
PTPATi,0.0,0.0,0.0,0.0
PTRCORNt7,0.0,0.0,0.0,0.0
RBP4E,0.0,0.0,0.0,0.0
PTRCTA,0.0,0.0,0.0,0.0
PTRCabc,0.0,0.0,0.0,0.0
SSALy,0.0,0.0,0.0,0.0
SUCBZL,0.0,0.0,0.0,0.0
SUCBZS,0.0,0.0,0.0,0.0
RHCCE,0.0,0.0,0.0,0.0
SUCCabc,0.0,0.0,0.0,0.0
PTRCt2,0.0,0.0,0.0,0.0
SUCCt2_2,3.050526359477214,0.0,0.0,0.0
RIBabc,0.0,0.0,0.0,0.0
SUCCt2_3,0.0,0.0,0.0,0.0
TREpts,0.0,0.0,0.0,0.0
RMI,0.0,0.0,0.0,0.0
TRPAS2,0.0,0.0,0.0,0.0
TRPS1,0.0,0.0,0.0,0.0
SUCCt2r,-3.050526359477203,-1.9022872828229538,-2.5858595287936623,-3.0357145359452034
SUCD1,37.46204410940021,40.0,40.0,40.0
RMK,0.0,0.0,0.0,0.0
SUCD4,37.46204410940027,40.0,40.0,40.0
TRPS2,0.0,0.0,0.0,0.0
TRPS3,0.0,0.0,0.0,0.0
RMNt,0.0,0.0,0.0,0.0
SUCFUMt,0.0,-1.9022872828229538,-2.5858595287936623,-3.0357145359452034
SUCOAS,-3.126272914714491,0.0,-3.459048744165443,-3.820090301705477
SUCpts,0.0,0.0,0.0,0.0
RMPA,0.0,0.0,0.0,0.0
RNDR1,0.0,0.0,0.0,0.0
SULR,0.0,0.0,0.0,0.0
SULabc,0.0,0.0,0.0,0.0
TAGURr,0.0,0.0,0.0,0.0
TALA,0.0,0.0,0.0,0.0
TRPt2r,0.0,0.0,0.0,0.0
TRSARr,0.0,0.0,0.0,0.0
TSULabc,0.0,0.0,0.0,0.0
TTDCAt2,0.0,0.0,0.0,0.0
TARTD,0.0,0.0,0.0,0.0
TYRTA,0.0,0.0,0.0,0.0
RNDR2,0.0,0.0,0.0,0.0
TYRt2r,0.0,0.0,0.0,0.0
U23GAAT,0.0,0.0,0.0,0.0
TARTRt7,0.0,0.0,0.0,0.0
TAUDO,0.0,0.0,0.0,0.0
TAURabc,0.0,0.0,0.0,0.0
TDPADGAT,0.0,0.0,0.0,0.0
UAAGDS,0.0,0.0,0.0,0.0
UACMAMO,0.0,0.0,0.0,0.0
TDPAGTA,0.0,0.0,0.0,0.0
UAG2E,0.0,0.0,0.0,0.0
RNDR3,0.0,0.0,0.0,0.0
UAGAAT,0.0,0.0,0.0,0.0
TDPDRE,0.0,0.0,0.0,0.0
RNDR4,0.0,0.0,0.0,0.0
TDPDRR,0.0,0.0,0.0,0.0
TDPGDH,0.0,0.0,0.0,0.0
UAGCVT,0.0,0.0,0.0,0.0
UAGDP,0.0,0.0,0.0,0.0
TDSK,0.0,0.0,0.0,0.0
UAGPT3,0.0,0.0,0.0,0.0
TGBPA,0.0,0.0,0.0,0.0
RNTR1,0.0,0.0,0.0,0.0
THD2,139.56772202081254,57.50314625039512,140.08877802812196,19.330751640820942
THDPS,0.0,0.0,0.0,0.0
THMDt2_copy1,7.117897826972579,6.173400879177556,6.6344062474663685,6.36759431302592
UAMAGS,0.0,0.0,0.0,0.0
UAMAS,0.0,0.0,0.0,0.0
UAPGR,0.0,0.0,0.0,0.0
UDCPDP,0.0,0.0,0.0,0.0
UDCPDPS,0.0,0.0,0.0,0.0
THMDt2_copy2,-7.11789782697258,-6.173400879177507,-6.634406247466359,-6.367594313025961
THMabc,0.0,0.0,0.0,0.0
UDPG4E,0.0,0.0,0.0,0.0
RNTR2,0.0,0.0,0.0,0.0
UDPGALM,0.0,0.0,0.0,0.0
UDPGD,0.0,0.0,0.0,0.0
THRA,0.0,0.0,0.0,0.0
THRD,0.0,0.0,0.0,0.0
UGLT,0.0,0.0,0.0,0.0
THRD_L,0.0,0.0,0.0,0.0
UGLYCH,0.0,0.0,0.0,0.0
RNTR3,0.0,0.0,0.0,0.0
UGMDDS,0.0,0.0,0.0,0.0
UHGADA,0.0,0.0,0.0,0.0
THRS,0.0,0.0,0.0,0.0
THRabc,0.0,0.0,0.0,0.0
THRt2r,-8.154022410882817,-7.947612075065081,-8.51735514760992,-7.907315774123049
UMPK,0.0,0.0,0.0,0.0
RNTR4,0.0,0.0,0.0,0.0
UNK3,0.0,0.0,0.0,0.0
THRt4,8.154022410882797,7.947612075065097,8.517355147609864,7.907315774123058
THZPSN,0.0,0.0,0.0,0.0
UPP3MT,0.0,0.0,0.0,0.0
RPE,0.0,0.0,0.0,0.0
UPP3S,0.0,0.0,0.0,0.0
UPPDC1,0.0,0.0,0.0,0.0
TKT1,0.0,0.0,0.0,0.0
TKT2,0.0,0.0,0.0,0.0
TMAOR1,0.0,0.0,0.0,0.0
TMAOR1e,0.0,0.0,0.0,0.0
UPPRT,0.0,0.0,0.0,0.0
URAt2_copy1,5.780114296541991,7.77509800764955,4.215870149293609,6.353715451492711
URAt2_copy2,-5.780114296542024,-7.7750980076496035,-4.215870149293664,-6.35371545149269
TMAOR2,0.0,0.0,0.0,0.0
RPI,0.0,0.0,0.0,0.0
TMAOR2e,0.0,0.0,0.0,0.0
TMDK1,0.0,0.0,0.0,0.0
TMDPP,0.0,0.0,0.0,0.0
UREAt,0.0,0.0,0.0,0.0
URIDK2r,0.0,0.0,0.0,0.0
RZ5PP,0.0,0.0,0.0,0.0
URIK2,0.0,0.0,0.0,0.0
URIt2_copy1,7.117897826972579,6.173400879177556,6.6344062474663685,6.36759431302592
TMDS,0.0,0.0,0.0,0.0
S7PI,0.0,0.0,0.0,0.0
TMK,0.0,0.0,0.0,0.0
TMPK,0.0,0.0,0.0,0.0
URIt2_copy2,-7.11789782697258,-6.173400879177507,-6.634406247466359,-6.367594313025961
USHD,0.0,0.0,0.0,0.0
TMPPP,0.0,0.0,0.0,0.0
VALTA,311.62789606197566,311.62549475478704,189.02496236017896,184.0875400408204
SADH,0.0,0.0,0.0,0.0
VALabc,0.0,0.0,0.0,0.0
VALt2r,0.0,0.0,0.0,0.0
TPI,10.0,10.0,10.0,10.0
TRDR,0.0,0.0,0.0,0.0
TRE6PH,0.0,0.0,0.0,0.0
VPAMTr,311.6278960619758,311.6254947547871,189.02496236017885,184.08754004082027
SADT2,0.0,0.0,0.0,0.0
X5PL3E,0.0,0.0,0.0,0.0
TRE6PP,0.0,0.0,0.0,0.0
TRE6PS,0.0,0.0,0.0,0.0
TREH,0.0,0.0,0.0,0.0
TREHe,0.0,0.0,0.0,0.0
XANt,0.0,0.0,0.0,0.0
XANt2,0.0,0.0,0.0,0.0
XPPT,0.0,0.0,0.0,0.0
XTSNt2,0.0,0.0,0.0,0.0
XYLI1,0.0,0.0,0.0,0.0
XYLI2,0.0,0.0,0.0,0.0
SBTPD,0.0,0.0,0.0,0.0
XYLK,0.0,0.0,0.0,0.0
SBTpts,0.0,0.0,0.0,0.0
XYLabc,0.0,0.0,0.0,0.0
XYLt2,0.0,0.0,0.0,0.0
SDPDS,0.0,0.0,0.0,0.0
SDPTA,0.0,0.0,0.0,0.0
SELNPS,0.0,0.0,0.0,0.0
SERASr,0.0,0.0,0.0,0.0
SERAT,0.0,0.0,0.0,0.0
SERD_D,0.0,0.0,0.0,0.0
SERD_L,0.0,0.0,0.0,0.0
SERt2r,-47.26559708513889,-48.502277911134115,-76.82252563981399,-71.18089841832227
SERt4,47.26559708513887,48.50227791113414,76.82252563981402,71.18089841832224
SGDS,0.0,0.0,0.0,0.0
SGSAD,0.0,0.0,0.0,0.0
SHCHCS2,0.0,0.0,0.0,0.0
SHCHD2,0.0,0.0,0.0,0.0
SHCHF,0.0,0.0,0.0,0.0
SHK3Dr,0.0,0.0,0.0,0.0
SHKK,0.0,0.0,0.0,0.0
SHSL1,0.0,0.0,0.0,0.0
SOTA,0.0,0.0,0.0,0.0
SPMDAT1,0.0,0.0,0.0,0.0
SPMDAT2,0.0,0.0,0.0,0.0
SPMDabc,0.0,0.0,0.0,0.0
